客户物料,Unnamed: 1,Unnamed: 2,Unnamed: 3,Unnamed: 4,Unnamed: 5,Unnamed: 6,Unnamed: 7,西陇物料,Unnamed: 9,Unnamed: 10,Unnamed: 11,Unnamed: 12,Unnamed: 13,Unnamed: 14,Unnamed: 15
客户名称,客户id,客户物料编码,商品名称,规格,型号/等级,品牌,单位,西陇存货编码,商品名称,规格,型号/等级,品牌,单位,skuId,备注
广东华润顺峰药业有限公司,,,氢氧化钠,"化学纯 20瓶/箱
500g/瓶",化学纯,,瓶,1010310201700,氢氧化钠,CP500g/瓶,CP,西化,瓶,,
广州融捷显示科技有限公司,,R020007005,甲苯,西陇，AR级，纯度：≥99.5%，170KG/桶（易制毒）,AR级,西陇,桶,1430020107700,甲苯,AR170kg/桶,AR,西化,KG,,
广州融捷显示科技有限公司,,R020001008,无水乙醇,"西陇，AR级，纯度：
≥99.7%，160KG/桶",AR级,西陇,桶,1280340108200,乙醇(无水乙醇),AR160kg/桶,AR,西化,KG,,
太禾精细化工（惠州）有限公司,,,一水合柠檬酸,CP/25KG,CP,,KG,1270610204201,一水合柠檬酸（柠檬酸）,CP25kg/袋,CP,西化,KG,,
太禾精细化工（惠州）有限公司,,,硫酸氢钠,CP,CP,,KG,1010400204202,一水合硫酸氢钠（硫酸氢钠）,CP25kg/袋,CP,西化,KG,,
太禾精细化工（惠州）有限公司,,,氯化铰,CP/25KG,CP,,KG,1010110204201,氯化铰,CP25kg/袋,CP,西化,KG,,
太禾精细化工（惠州）有限公司,,,柠檬酸三钠,CP/25KG,CP,,KG,1010950204202,二水合柠檬酸三钠(柠檬酸三钠),CP25kg/桶,CP,西化,KG,,
广州增城淼森生物技术有限公司,,11700004,工业无水磷酸二氢钠（品牌：中鑫蜀龙）,,,中鑫蜀龙,千克,2010820304201,无水磷酸二氢钠,25KG/包,工业级,中鑫蜀龙,KG,,
广州增城淼森生物技术有限公司,,11400057,"一水柠檬酸
（品牌：山东英轩）",,,山东英轩,千克,2270610704205,柠檬酸,25KG/包(一水),食品级,英轩,KG,,
广州增城淼森生物技术有限公司,,11700003,"工业氢氧化钠
（品牌：山东滨化）",,,山东滨化,千克,2010310304214,氢氧化钠,"25KG/包(珠,中文)",工业级,滨化,KG,,
广州市品萃化工科技有限公司,,,石油醚30-60,AR500克,AR,,,1320040101600M,石油醚(30~60),AR500ml/瓶,AR,西化,瓶,,
深圳市贝加电子材料有限公司,,,碘化钠,,,,瓶,1010160101700,二水合碘化钠,AR500g/瓶,AR,西化,瓶,,
黄石信博科技有限公司,,000000000104990090,硅酸,25KG/桶,AR级,,KG,1270180104202,硅酸,AR25kg/桶,AR,西化,KG,,
广东越海集成技术有限公司,,1010201060016,无水碳酸钠,粉末+分析纯99.8%+500g/瓶,分析纯,,瓶,1010470101700,无水碳酸钠,AR500g/瓶,AR,西化,瓶,,
广东越海集成技术有限公司,,1055104080067,过硫酸钠,AR级+500g/瓶+固体粉末,AR级,,克,1010730101700,过硫酸钠,AR500g/瓶,AR,西化,瓶,,
东莞广通事务机有限公司,,,無水乙醇,>=99.7% AR500ML/瓶,AR,,BT,1280340101601,乙醇(无水乙醇),AR500ml/玻瓶,AR,西化,瓶,,
海南火山岩矿泉水有限公司,,05990064,SY1（双氧水）,1*25kg,,,kg,1560010704201,35%过氧化氢,FA25kg/桶,FA,西化,KG,,
海南火山岩矿泉水有限公司,,05990003,XS1（硝酸）,2.5L,,,瓶,1270190204702,硝酸,CP2500ml/塑瓶,CP,西化,瓶,,
杭州中美华东制药江东有限公司,,,硫酸铵(利拉鲁肽用),,,,kg,1260090104202,硫酸铵,AR25kg/桶,AR,西化,KG,,
深圳市博莱恩科技有限公司,,SJ.1.02.1236,氯化钠,AR25kg/桶，西陇，7647-14-5,AR,西陇,公斤,1010110104202,氯化钠,AR25kg/桶,AR,西化,KG,,
深圳市博莱恩科技有限公司,,SJ.1.02.1619,磷酸氢二钠，十二水,AR25kg/桶，西陇，10039-32-4,AR,西陇,公斤,1010590104202,十二水合磷酸氢二钠（磷酸氢二钠）,AR25kg/桶,AR,西化,KG,,
苏州锐杰微科技集团有限公司,,20403000001XLK,酒精,酒精无水乙醇/2kg桶/99.7%,,,千克,1280340104702,乙醇(无水乙醇),AR2500ml/塑瓶,AR,西化,瓶,,
浙江卫星新材料科技有限公司,,,卫星科技辅料\S2600,,,,千克,1160090101700,七水合硫酸亚铁（硫酸亚铁）,AR500g/瓶,AR,西化,瓶,,
无锡深南电路有限公司,,109100135,酸类 甲酸,25KG/桶,CP扱,,千克,1270060204200,甲酸,CP25kg/桶,CP,西化,KG,,
无锡深南电路有限公司,,109100573,酸类 硼酸,25KG/桶,CP级,,千克,1270400204202,硼酸,CP25kg/桶,CP,西化,KG,,
无锡深南电路有限公司,,109100133,沉铜药水 甲醛溶液,20L/桶,(AR),,升,1340040106000,甲醛溶液,AR20L/桶,AR,西化,升,,
无锡深南电路有限公司,,109100063,碱类 氨水,2.5L/瓶,AR级,,升,1260180104700,氨水,AR2500ml/瓶,AR,西化,瓶,,
无锡深南电路有限公司,,109100066,表面抗氧化 冰醋酸,2.5L/瓶,AR级,,升,1270570104702,乙酸（冰醋酸）,AR2500ml/塑瓶,AR,西化,瓶,,
无锡深南电路有限公司,,109100286,试剂类 异丙醇,2.5L/瓶,AR级,,升,1280250104702,异丙醇,AR2500ml/塑瓶,AR,西化,瓶,,
无锡深南电路有限公司,,109100212,酸类 18%盐酸,2.5L/瓶,CP级,,升,1270110224000,18%盐酸,CP2.5L/瓶,CP,西化,瓶,,
无锡深南电路有限公司,,109100134,酸类 甲酸,500ML/瓶,AR级,,升,1270060101602,甲酸,AR500ml/塑瓶,AR,西化,瓶,,
无锡深南电路有限公司,,109100146,酸类 硫酸,500ML/瓶,AR级,,升,1270320101600,硫酸,AR500ml/玻瓶,AR,西化,瓶,,
无锡深南电路有限公司,,109100061,化金药水 氨基磺酸,100G/瓶,AR级,,克,1270830110201,氨基磺酸,AR100g/瓶M,AR,西化,瓶,,
无锡深南电路有限公司,,109100280,试剂类 无水乙醇,500ML/瓶,AR级,,支,1280340101602,乙醇(无水乙醇),AR500ml/塑瓶,AR,西化,瓶,,
无锡深南电路有限公司,,109100271,试剂类 氢氧化钠,500G/瓶,AR级,,支,1010310101700,氢氧化钠,AR500g/瓶,AR,西化,瓶,,
无锡深南电路有限公司,,109100283,试剂类 硝酸,500ML/瓶,AR级,,支,1270190101601,硝酸,AR500ml/玻瓶,AR,西化,瓶,,
无锡深南电路有限公司,,109100256,试剂类 磷酸,500ML/瓶,AR级,,支,1270410101602,磷酸,AR500ml/塑瓶,AR,西化,瓶,,
无锡深南电路有限公司,,109100386,试剂类 草酸,500G/瓶,CP级,,瓶,1270090201700,二水合草酸（草酸）,CP500g/瓶,CP,西化,瓶,,
无锡深南电路有限公司,,109100091,氧化类 高锰酸钾,25KG/桶 开缸用,AR级,,千克,1020270101400,高锰酸钾,AR25kg/桶,AR,西化,KG,,
无锡深南电路有限公司,,109100158,化金药水 一水合柠檬酸,500G/瓶,CP级,,千克,1270610201700,一水合柠檬酸（柠檬酸）,CP500g/瓶,CP,西化,瓶,,
TCL华星光电技术有限公司,,72S05060000015,"ALCOHOL,乙醇,95%",25L/桶,AR,,L,1280010104100,乙醇(95%),AR25L/桶,AR,西化,升,,
艾感科技(广东)有限公司,,,无水乙醇,,,,KG,1280340106100,乙醇(无水乙醇),AR20kg/桶,AR,西化,KG,,
巴斯夫（上海）涂料制造有限公司,,50969453,JEFFCAT DMAE 180KG 1A1,,,,KG,2250570307500,"N,N-二甲基乙醇胺",180KG/桶,工业级,扬子石化－巴斯夫,KG,,精细，202505080000915_01
巴斯夫化工有限公司,,,进口陶瓷坩埚，FB965E 30ML,,,,PC,6041601592001,陶瓷坩埚,FB965E 30ml,,其他,个,,
巴斯夫化工有限公司,,,耐高温退火杯，C64020004高*外径 44mm*41mm,,,,PC,6040101803707,退火杯,"""C64020004 高*外径 44mm*41mm""",,其他,个,,
巴斯夫化工有限公司,,,高纯石英坩埚 100ML,,,,PC,6041601592002,高纯石英坩埚,100ml,,其他,个,,
巴斯夫化工有限公司,,,高纯氧化铝坩埚，100ML,,,,PC,6041601592003,高纯氧化铝坩埚,100ml,,其他,个,,
潮州三环（集团）股份有限公司,,,乙二胺四乙酸二钠,1000g/袋,AR,,袋,1010680110600,乙二胺四乙酸二钠,AR1000g/包,AR,西化,包,,
潮州三环（集团）股份有限公司,,,无水硫酸钠,500g/瓶,AR,,瓶,1010460101700,无水硫酸钠,AR500g/瓶,AR,西化,瓶,,
成都药明康德新药开发有限公司,,20006022,(CHEM备库-THRQ)(W-C)过氧化氢叔丁基*(GHQ议价)(121试剂),250ML,cp >65%,,,2280893704400,过氧化氢叔丁醇70% in H2O(W),250ml/瓶,,麦克林,瓶,,四川，202507080000123_01
东莞昌明印刷有限公司,,,聚合氯化铝,,,,公斤,1120110304201,聚合氯化铝,GY25kg/袋,GY,西化,KG,,
东莞康源电子有限公司,,N-H-CLAB-00000076,氯化钠,氯化钠CLAB-分析纯0.6KG/瓶-0.6KG,分析纯,,千克,1010110101700,氯化钠,AR500g/瓶,AR,西化,瓶,,
东莞市仁吉电子材料有限公司,,,單乙醇胺,,,揚子 BASF,kg,2250040305809,一乙醇胺,210KG/桶,工业级,扬子石化－巴斯夫,KG,,发货精细
赣州市展宏新材科技有限公司,,7040401-00002,无水乙醇,AR500ml/瓶,AR,,瓶,1280340101602,乙醇(无水乙醇),AR500ml/塑瓶,AR,西化,瓶,,
广东邦普循环科技有限公司,,590117160009,无水乙醇,500ml/瓶,分析纯AR,西陇科技,瓶,1280340101602,乙醇(无水乙醇),AR500ml/塑瓶,AR,西化,瓶,,
广东瑞石制药科技有限公司,,60001545,变色硅胶.500g/瓶，LR，广试,500g/瓶，LR，广试,,,瓶,1410030201700,硅胶（含变色指示剂）,CP500g/瓶,CP,西化,瓶,,
健帆生物科技集团股份有限公司,,1800019,过硫酸铵,500克/瓶,分析纯,,瓶,1260140101700,过硫酸铵,AR500g/瓶,AR,西化,瓶,,
江门三捷电池实业有限公司,,,磷酸氢二钠,,,,KG,1010590104202,十二水合磷酸氢二钠（磷酸氢二钠）,AR25kg/桶,AR,西化,KG,,
匠油网科技（厦门）有限公司,,,进口甘油,,,印尼金光,千克,2280180700100,丙三醇（甘油）,散水,食品级,金光,KG,,精细，202506230001136_01
科太精密工业（深圳）有限公司,,L022246,异丙醇（IPA）,165KG/桶,,,BL,2280250308102,异丙醇,165KG/桶(全新桶),工业级,其他,KG,,发货精细
科太精密工业（深圳）有限公司,,L062057,无水乙醇,>=99.7% AR500ML/瓶,AR,,BT,1280340101601,乙醇(无水乙醇),AR500ml/玻瓶,AR,西化,瓶,,
科太精密工业（深圳）有限公司,,L062476,乙醇,>=95% AR20KG/桶,AR,,KG,1280010106100,乙醇(95%),AR20kg/桶,AR,西化,KG,,
郎溪县科宏科技有限公司,,,AR级氨水,2500ml瓶装,AR,,瓶,1260180104700,氨水,AR2500ml/瓶,AR,西化,瓶,,
立邦汽车涂料（广州）有限公司,,1700730,APH SA99单体,25.000 KG/BAG,,,BAG,1270830104204,氨基磺酸,AR25kg/袋M,AR,西化,KG,,
龙岩市新罗区盛业器化玻仪经营部（普通合伙）,,,无水乙醇,AR500ML,AR,,,1280340101601,乙醇(无水乙醇),AR500ml/玻瓶,AR,西化,瓶,,
龙岩市新罗区盛业器化玻仪经营部（普通合伙）,,,十二烷基硫酸钠,CP500g/瓶,CP,,,1010980201700,十二烷基硫酸钠,CP500g/瓶,CP,西化,瓶,,
谱尼测试集团江苏有限公司,,2001112943,异丙醇,AR500ml,AR,西陇化工,瓶,1280250101600,异丙醇,AR500ml/瓶,AR,西化,瓶,,
厦门柔丝丽生物科技有限公司,,01.01.0354,澳甲酸绿,,,,KG,1690300901700,溴甲酚绿,IND500g/瓶,,西化,瓶,,精细，202505070000685_01
上海超硅半导体股份有限公司,,A3300001,冰醋酸,分析纯 200kg/桶,分析纯,西陇化工,千克,1270570106600,乙酸（冰醋酸）,AR200kg/桶,AR,西化,KG,,
上杭县新美华化工有限公司,,,盐酸,"500ml,2500ml",,,升,1270110101600,盐酸,AR500ml/瓶,AR,西化,瓶,,
上杭县新美华化工有限公司,,,硫酸,"500ml,2500ml",,,升,1270320501600,硫酸,GR500ml/玻瓶,GR,西化,瓶,,
深圳市海源鸿科技有限公司,,,硫脲,AR500g,AR,,瓶,1550130101701,硫脲,AR500g/瓶,AR,西化,瓶,,
深圳市海源鸿科技有限公司,,,次亚磷酸钠,AR500g,AR,,瓶,1010510101700,一水合次亚磷酸钠（次亚磷酸钠）,AR500g/瓶,AR,西化,瓶,,
太仓沪试试剂有限公司,,,氧化银,,,,kg,1180010110600,氧化银,AR1000g/瓶,AR,西化,瓶,,
益海(广州)粮油工业有限公司,,0203-0064198,无水乙醇,500ml/瓶,色谱纯,西陇,件,1280340801600,乙醇(无水乙醇),"高效液相色谱淋洗液(HPLC),500ml/瓶",HPLC,西化,瓶,,
英科新创（厦门）科技股份有限公司,,01.03.00.041,硼酸,西陇AR，20kg/桶（10包/桶）,AR,西陇,瓶,1270400106100,硼酸,"AR20kg/桶,2kg*10袋",AR,西化,KG,,
英科新创（厦门）科技股份有限公司,,01.03.00.043,十水合四硼酸钠,西陇AR，25kg/桶（10包/,AR,西陇,瓶,1010240104203,十水合四硼酸钠(四硼酸钠),"AR25kg/桶,2.5kg*10袋",AR,西化,KG,,
浙江嘉康电子股份有限公司,,100046,碳酸钙_化学纯（西陇化工）,,化学纯,西陇化工,kg,1030070204202,碳酸钙,CP25kg/桶,CP,西化,KG,,
浙江嘉康电子股份有限公司,,106941,二氧化锰_分析纯_西陇,,分析纯,西陇,kg,1040050104600,二氧化锰,AR250g/瓶,AR,西化,瓶,,
深圳市化试科技有限公司,,,变色硅胶(112926-00-8)非危,CP500g,CP,,瓶,1410030201700,硅胶(含变色指示剂),CP500g/瓶,CP,西化,瓶,,
深圳市化试科技有限公司,,,冰乙酸(64-19-7)危A,AR2500ml,AR,,瓶,1270570104701,乙酸(冰醋酸),AR2500ml/玻瓶,AR,西化,瓶,,
深圳市化试科技有限公司,,,无水乙醇(64-17-5)危A,GR500ml,GR,,瓶,1280340501600,乙醇(无水乙醇),GR500ml/瓶,GR,西化,瓶,,
深圳市化试科技有限公司,,,氯化钾(7447-40-7)非危,AR500g,AR,,瓶,1020050101700,氯化钾,AR500g/瓶,AR,西化,瓶,,
深圳市化试科技有限公司,,,无水乙醇(64-17-5)危A,AR2500ml,AR,,瓶,1280340104702,乙醇(无水乙醇),AR2500ml/塑瓶,AR,西化,瓶,,
深圳市化试科技有限公司,,,甲醇(67-56-1)危A,AR2500ml,AR,,瓶,1280100104700,甲醇,AR2500ml/玻瓶,AR,西化,瓶,,
深圳市化试科技有限公司,,,氨水/氢氧化铵(1336-21-6)危A,AR2500ml,AR,,瓶,1260180104700M,氨水,AR2500ml/塑瓶,AR,西化,瓶,,
中石化石油机械股份有限公司沙市钢管分公司,,3903020086036326,硝酸 AR500ml40086400-2005220274-150077775,"硝酸\AR 500ml
CAS7697-37-2",AR,,瓶,1270190101601M,硝酸,AR500ml/玻瓶,AR,西化,瓶,,
重庆臻宝科技股份有限公司,,,三乙醇胺,,AR,,KG,1250160104299,三乙醇胺,AR25kg/桶,AR,西化,KG,,
重庆臻宝科技股份有限公司,,,乙醇胺,,AR,,KG,1250040104200,乙醇胺,AR25kg/桶,AR,西化,KG,,
重庆臻宝科技股份有限公司,,,丙二醇嵌段聚醚,,,,KG,2322240301400,丙二醇嵌段聚醚L-44,GY50kg/桶,,,KG,,
珠海光库科技股份有限公司,,100600100002,丙酮,500m1/瓶,分析纯,西陇化工,瓶,1310020101600,丙酮,AR500ml/瓶,AR,西化,瓶,,
珠海光库科技股份有限公司,,100900300024,乙醚,500ML/瓶,,,瓶,1320010101600,乙醚,AR500ml/瓶,AR,西化,瓶,,
